{"cameraMode":{"drawMode":0,"name":"Shaded","section":"Shading Mode"},"sceneLighting":false,"audioPlay":false,"sceneViewState":{"m_AlwaysRefresh":false,"showFog":true,"showSkybox":true,"showFlares":true,"showImageEffects":true,"showParticleSystems":true,"showVisualEffectGraphs":true,"m_FxEnabled":true},"in2DMode":false,"pivot":{"x":-0.15526270866394044,"y":1.4913774728775025,"z":2.1794769763946535},"rotation":{"x":-0.005797625984996557,"y":0.9405136108398438,"z":0.016088265925645829,"w":0.3393116891384125},"size":0.5787918567657471,"orthographic":false}