{"cameraMode":{"drawMode":0,"name":"Shaded","section":"Shading Mode"},"sceneLighting":true,"audioPlay":false,"sceneViewState":{"m_AlwaysRefresh":false,"showFog":true,"showSkybox":true,"showFlares":true,"showImageEffects":true,"showParticleSystems":true,"showVisualEffectGraphs":true,"m_FxEnabled":true},"in2DMode":false,"pivot":{"x":0.35186854004859927,"y":-3.2735917568206789,"z":11.496192932128907},"rotation":{"x":-0.23800694942474366,"y":-0.009883223101496697,"z":0.002296455902978778,"w":-0.971282422542572},"size":12.12435531616211,"orthographic":false}